{"cameraMode":{"drawMode":0,"name":"Shaded","section":"Shading Mode"},"sceneLighting":true,"audioPlay":false,"sceneViewState":{"m_AlwaysRefresh":false,"showFog":true,"showSkybox":true,"showFlares":true,"showImageEffects":true,"showParticleSystems":true,"showVisualEffectGraphs":true,"m_FxEnabled":true},"in2DMode":false,"pivot":{"x":134.62020874023438,"y":-0.8293380737304688,"z":-0.5167751312255859},"rotation":{"x":-0.6249008178710938,"y":-0.021775081753730775,"z":0.017440851777791978,"w":-0.7802157998085022},"size":61.541725158691409,"orthographic":false}