{"cameraMode":{"drawMode":0,"name":"Shaded","section":"Shading Mode"},"sceneLighting":true,"audioPlay":false,"sceneViewState":{"m_AlwaysRefresh":false,"showFog":true,"showSkybox":true,"showFlares":true,"showImageEffects":true,"showParticleSystems":true,"showVisualEffectGraphs":true,"m_FxEnabled":true},"in2DMode":false,"pivot":{"x":36.89277267456055,"y":45.145381927490237,"z":-39.41621398925781},"rotation":{"x":-0.2713255286216736,"y":-0.016750380396842958,"z":0.004719440825283527,"w":-0.9623408913612366},"size":37.69525146484375,"orthographic":false}